"https://pp.userapi.com/c4180/v4180394/d2/PuLAG-MA-mw.jpg",6
"https://pp.userapi.com/c4180/v4180394/5a7/-UV4MMIqzlI.jpg",4
"https://pp.userapi.com/c5497/v5497394/65/6KgnKXT_oD0.jpg",9
"https://pp.userapi.com/c10680/v10680394/7a3/z_Oaxg8938k.jpg",9
"https://pp.userapi.com/c5740/v5740394/bfa/MwUclT3nGi0.jpg",10
"https://pp.userapi.com/c305802/v305802394/16ea/svLEZLzHSj4.jpg",11
"https://pp.userapi.com/c323421/v323421394/6/lA3Q-ti_UW4.jpg",5
"https://pp.userapi.com/c323830/v323830394/9b/I3PJYHbsRQo.jpg",3
"https://pp.userapi.com/c323830/v323830394/181e/DXHP0ZF-tjk.jpg",15
"https://pp.userapi.com/c402918/v402918394/1d24/WoydANVxMW0.jpg",3
"https://pp.userapi.com/c402919/v402919394/16bb/O2QWu3ODgo0.jpg",9
"https://pp.userapi.com/c305612/v305612394/a023/Ayj3NzDswno.jpg",8
"https://pp.userapi.com/uYPdVK_WueHtLHmLPheL-fyR-FIy8WWrWnV0lg/yajoW3Iiqio.jpg",15
"https://pp.userapi.com/RoJnrb5jjTcjagwKwCKLbW0bYnME-_lh-vxaqw/OEhzJnsAbS8.jpg",5
"https://pp.userapi.com/zEqNEYSYi8pKI1iFhP6he09lV3j7NiGEoZ6Luw/lhxck2BoZXc.jpg",17
"https://pp.userapi.com/c407421/v407421394/55c2/fn-RZ8YDIjQ.jpg",11
"https://pp.userapi.com/c419523/v419523394/426a/4Hbsi2_79Xw.jpg",4
"https://pp.userapi.com/c308525/v308525394/5d8d/moxHpSPqvEk.jpg",29
"https://pp.userapi.com/c419429/v419429394/5cb7/IA8VFU1K7h8.jpg",6
"https://pp.userapi.com/c312831/v312831394/13dd/XGkJPVVWahY.jpg",9
"https://pp.userapi.com/c313920/v313920394/c76/LsfodJHE95A.jpg",7
"https://pp.userapi.com/c403428/v403428394/ac12/r-Ybc2Md-3I.jpg",8
"https://pp.userapi.com/c403428/v403428394/afde/6-KbUBnHPMM.jpg",8
"https://pp.userapi.com/c403428/v403428394/b803/0B2iDmkrXUA.jpg",9
"https://pp.userapi.com/c403428/v403428394/c5f6/-qUE9m3TvWg.jpg",10
"https://pp.userapi.com/c307508/v307508394/95b0/vdDn-yLuGCA.jpg",6
"https://pp.userapi.com/c605821/v605821394/6f5f/41y7vz4S07I.jpg",9
"https://pp.userapi.com/c322517/v322517394/5523/i2gwUtEI9-c.jpg",28
"https://pp.userapi.com/c314519/v314519394/6d44/CDnH5QPUgmc.jpg",21
"https://pp.userapi.com/c413024/v413024394/9a38/7xTLfX46qzI.jpg",33
"https://pp.userapi.com/c619130/v619130394/4c21/sq5VwUa_jBo.jpg",25
"https://pp.userapi.com/c616119/v616119394/10c2b/ZE_Mk3Nu9hE.jpg",20
"https://pp.userapi.com/c618922/v618922394/115ed/SffKJDHf_oM.jpg",13
"https://pp.userapi.com/c618618/v618618394/1084a/8ScQOYzziLg.jpg",28
"https://pp.userapi.com/c411919/v411919394/947e/u3huO-oyxF8.jpg",46
"https://pp.userapi.com/c624317/v624317394/38411/jC5akKvD4uI.jpg",30
"https://pp.userapi.com/c627218/v627218394/5ae5/9EQL7RF6KdU.jpg",34
"https://pp.userapi.com/c627224/v627224394/16126/hvWuOM0P5yQ.jpg",30
"https://pp.userapi.com/c621618/v621618394/1a8a9/hmbhlg9nW4E.jpg",23
"https://pp.userapi.com/c627821/v627821394/36578/Wx_tiqJzVbY.jpg",51
"https://pp.userapi.com/c628216/v628216394/2f465/WmZK5F_WmbU.jpg",51
"https://pp.userapi.com/c626825/v626825394/8108/kvLPh9mcl6Q.jpg",27
"https://pp.userapi.com/c604428/v604428394/82b0/gE9BViNjC7w.jpg",33
"https://pp.userapi.com/c604329/v604329394/18517/2oGv5g9NBQc.jpg",53
"https://pp.userapi.com/c637516/v637516394/17697/NrluNWHMubA.jpg",60
"https://pp.userapi.com/c620828/v620828394/2ef6/nmnzBzg039g.jpg",43
"https://pp.userapi.com/c317328/v317328390/f16/YoqearxmFIQ.jpg",13
"https://pp.userapi.com/c407826/v407826390/34e4/eA2IwbEesQU.jpg",22
"https://pp.userapi.com/c407827/v407827390/406e/u3LnIp1Equ0.jpg",13
"https://pp.userapi.com/c403523/v403523390/2bc0/2Sre4hlvmxI.jpg",12
"https://pp.userapi.com/VeaaqUhl1rMgwr5sKAgUHRZmh0dcYgqSryJ56w/NrDvewhQ4GI.jpg",15
"https://pp.userapi.com/c9491/v9491390/1ddf/gKJ6ema8pX8.jpg",18
"https://pp.userapi.com/nZCEz7CZcdyEQ4WZZ31OMLuKtQnlNul10cVnpg/nA1e8L_AEHc.jpg",24
"https://pp.userapi.com/c311830/v311830390/4382/cKvTsuZnz_o.jpg",25
"https://pp.userapi.com/c616730/v616730390/1938/h3LHMz82Dp0.jpg",16
"https://pp.userapi.com/c617228/v617228390/1335/68wXqiwB9co.jpg",27
"https://pp.userapi.com/c605229/v605229390/2741/5JnZFdMDwsY.jpg",22
"https://pp.userapi.com/c605625/v605625390/5d70/NfVr7Cp9qjY.jpg",20
"https://pp.userapi.com/c616322/v616322390/99dd/1J6vB_FF_c0.jpg",33
"https://pp.userapi.com/c620119/v620119390/e41d/pTkSW-aembg.jpg",27
"https://pp.userapi.com/c619816/v619816390/d444/NhdVvyJyLo8.jpg",47
"https://pp.userapi.com/c619431/v619431390/11779/01oahbKaNqQ.jpg",37
"https://pp.userapi.com/c619318/v619318390/15955/FdsCNSMZU4g.jpg",35
"https://pp.userapi.com/c624530/v624530390/acbd/kYsdMDu8HK8.jpg",26
"https://pp.userapi.com/c622226/v622226390/27bff/7-rZhsosr0w.jpg",43
"https://pp.userapi.com/c625324/v625324390/36843/w5-6TOJIfrE.jpg",26
"https://pp.userapi.com/c625124/v625124390/4bff9/eoFSyisljas.jpg",39
"https://pp.userapi.com/c624028/v624028390/48a7a/dRdPCG1139E.jpg",22
"https://pp.userapi.com/c624028/v624028390/4a953/qRfUIdd0r9w.jpg",24
"https://pp.userapi.com/c604429/v604429390/846e/2ZrUk6nYcy4.jpg",60
"https://pp.userapi.com/c836527/v836527722/6641/_8kOu-6BC7E.jpg",42
"https://pp.userapi.com/c836431/v836431390/14066/yainqC7Uya4.jpg",27
"https://pp.userapi.com/c837222/v837222390/28ac6/WZqbuDc7rwY.jpg",24
"https://pp.userapi.com/c837225/v837225390/2d555/Htyeg-qepeE.jpg",20
"https://pp.userapi.com/c638124/v638124390/42cee/91M7G41C2Zk.jpg",11
"https://pp.userapi.com/c836123/v836123541/4b220/_CLszdzo7Kw.jpg",18
"https://pp.userapi.com/c824700/v824700651/169df3/pczBBpwD-14.jpg",9
"https://pp.userapi.com/c403625/v403625877/6511/9JmWKdxFwPI.jpg",17
"https://pp.userapi.com/c418616/v418616877/7418/2jFPnyU2v_4.jpg",10
"https://pp.userapi.com/c629407/v629407877/10f02/pm0_7_Y0yzA.jpg",15
"https://pp.userapi.com/c629407/v629407877/10f12/5c34l0X66W8.jpg",24
"https://pp.userapi.com/c316829/v316829347/9647/90Hzro-yIig.jpg",1
"https://pp.userapi.com/c627116/v627116735/41773/FEAks08jzS4.jpg",11
"https://pp.userapi.com/c638617/v638617735/be6/O-cEgF61a4c.jpg",22
"https://pp.userapi.com/c636430/v636430735/60905/uogIISMdz7A.jpg",6
"https://pp.userapi.com/c845121/v845121344/1f2f3/RnEr1gfql-c.jpg",12
"https://pp.userapi.com/c630625/v630625980/319af/n6fQoGTZVkU.jpg",35
"https://pp.userapi.com/c637130/v637130980/7ffbf/WeRNweNAUpA.jpg",23
"https://pp.userapi.com/c608922/v608922699/671c/DNRaOy4_CTc.jpg",25
"https://pp.userapi.com/c625122/v625122699/24110/fAA4UfO00pQ.jpg",13
"https://pp.userapi.com/c628417/v628417699/20ecd/ptzXqBAgPQs.jpg",19
"https://pp.userapi.com/c624828/v624828699/5f287/go6pr2ks-F8.jpg",18
"https://pp.userapi.com/c630127/v630127699/26a3e/Fvld_flZZrY.jpg",17
"https://pp.userapi.com/c638225/v638225699/5544b/9kUisFbEKAY.jpg",26
"https://pp.userapi.com/c405429/v405429290/6de/LppWhzcn2Pk.jpg",70
"https://pp.userapi.com/c413824/v413824290/b62/wySDHCL8--Y.jpg",30
"https://pp.userapi.com/c313723/v313723290/194e/3tMuGsvMHhw.jpg",178
"https://pp.userapi.com/c409120/v409120290/578d/J4WtGGqWGho.jpg",216
"https://pp.userapi.com/c606120/v606120290/6f0d/GdJCrhVYRbQ.jpg",83
"https://pp.userapi.com/c617418/v617418290/1a685/e47kPfdz7XE.jpg",48
"https://pp.userapi.com/c622729/v622729290/b525/qpQAhZlMwUQ.jpg",116
"https://pp.userapi.com/c629315/v629315290/fc60/a3R7ZWVOrZI.jpg",140
"https://pp.userapi.com/c304507/v304507239/251a/vVPZNF8TTz8.jpg",18
"https://pp.userapi.com/c626329/v626329239/3867c/QMtoukYC9xg.jpg",57
"https://pp.userapi.com/c410424/v410424048/1d87/IytvFyFFtOE.jpg",43
"https://pp.userapi.com/xuuh64alym3zSEOv89jwF8B6QS1MFkklyg3p4g/ng8mRf33bPM.jpg",31
"https://pp.userapi.com/c413317/v413317048/2f50/yEb6vDl5W5w.jpg",54
"https://pp.userapi.com/c402817/v402817048/2112/khqbfpZd_j8.jpg",37
"https://pp.userapi.com/c618723/v618723048/73ea/Z4VhUWvasDM.jpg",28
"https://pp.userapi.com/c620716/v620716048/7e65/nDICb4sypoU.jpg",21
"https://pp.userapi.com/c619825/v619825048/16d3a/YUMg3JyaT58.jpg",54
"https://pp.userapi.com/c623220/v623220048/558c/I_fSR0VQnd8.jpg",46
"https://pp.userapi.com/c623429/v623429048/1837e/aws-2j2DkOg.jpg",21
"https://pp.userapi.com/c622324/v622324048/24733/QllaU8YZhh0.jpg",55
"https://pp.userapi.com/c625228/v625228048/4ad60/ryuvhvA-YwI.jpg",66
"https://pp.userapi.com/c831209/v831209835/c1ae8/XCtRy05gqgg.jpg",26
"https://pp.userapi.com/c836525/v836525707/4bf80/KYq_Xw9DWck.jpg",72
"https://pp.userapi.com/c307113/v307113801/19ec/3eXsKd0MEa0.jpg",6
"https://pp.userapi.com/c618024/v618024801/7b85/1w27aWPz3ds.jpg",14
"https://pp.userapi.com/c636831/v636831801/2754f/kw-ZT2fLcfQ.jpg",7
"https://pp.userapi.com/c841334/v841334801/268e/lWG4aofr2f8.jpg",5
"https://pp.userapi.com/c847217/v847217996/12f7f/70_OemMtqXw.jpg",9
"https://pp.userapi.com/c629120/v629120597/36fb8/LcMePTPHIj4.jpg",287
"https://pp.userapi.com/c639716/v639716597/2c8d9/q6zJ36jKb7E.jpg",149
"https://pp.userapi.com/c301302/v301302705/22a2/sUvYjzDjblQ.jpg",7
"https://pp.userapi.com/c629322/v629322705/22035/x3KfFefIXGY.jpg",23
"https://pp.userapi.com/c629322/v629322705/21d4a/BOXQ0sPdhMs.jpg",37
"https://pp.userapi.com/c630926/v630926705/ad7c/vxGeoyIEbw4.jpg",34
"https://pp.userapi.com/c628325/v628325064/393f4/LgxziDm1suw.jpg",24
"https://pp.userapi.com/c636022/v636022705/b966/ZWgH3xcUq70.jpg",20
"https://pp.userapi.com/c636619/v636619705/12fad/OQYd7fcBR8o.jpg",30
"https://pp.userapi.com/c5138/v5138933/46/siIXBL5lVSs.jpg",12
"https://pp.userapi.com/c308818/v308818933/fb0/prlMyuVHAAU.jpg",16
"https://pp.userapi.com/c308818/v308818933/fa6/CdE8Gx7pYyw.jpg",12
"https://pp.userapi.com/c315219/v315219933/6b12/Wmvtb8dc0ys.jpg",23
"https://pp.userapi.com/5CNecIZl89QG__fbtBJ6mUN59eVPjCs_0KYj2w/7obpeQCq8H0.jpg",30
"https://pp.userapi.com/c621624/v621624933/2a390/LXx0O-FCEbo.jpg",23
"https://pp.userapi.com/c637820/v637820933/32c00/5EkZg23jKD4.jpg",58
"https://pp.userapi.com/c639220/v639220933/1364d/t_NT0PTwuwo.jpg",50
"https://pp.userapi.com/c837622/v837622537/53782/4DaeNq2kONY.jpg",42
"https://pp.userapi.com/c624820/v624820980/c682/lElQYPN9xP0.jpg",38
"https://pp.userapi.com/c322423/v322423071/45a/fFlIe88o-I4.jpg",12
"https://pp.userapi.com/c626421/v626421071/664a9/Rg0f1QPJq0c.jpg",13
"https://pp.userapi.com/c836231/v836231471/3d2e3/U-1H7s2z3rE.jpg",39
"https://pp.userapi.com/c639226/v639226801/41543/I4SsDoCRLJU.jpg",24
"https://pp.userapi.com/c409923/v409923533/2912/XUEq9FFXeNA.jpg",25
"https://pp.userapi.com/c317024/v317024533/6a65/2djXEiYFI90.jpg",16
"https://pp.userapi.com/c406818/v406818917/7e0/IZg4bk6OiOE.jpg",51
"https://pp.userapi.com/c403317/v403317917/ebd/drgq_be6760.jpg",62
"https://pp.userapi.com/c315726/v315726917/6bd8/QazmjSnaVs0.jpg",32
"https://pp.userapi.com/c408117/v408117917/5178/Aw-TgxalbKY.jpg",18
"https://pp.userapi.com/c413819/v413819917/4aac/kxOHkDS2olk.jpg",12
"https://pp.userapi.com/c425017/v425017917/b78d/OimkSA9i-0U.jpg",57
"https://pp.userapi.com/c616623/v616623917/1445c/DBFAOzte3eo.jpg",53
"https://pp.userapi.com/c621621/v621621917/cfd3/FLvBpbzVqHU.jpg",61
"https://pp.userapi.com/c629510/v629510917/12e7b/vgvewkZBcCA.jpg",130
"https://pp.userapi.com/c624728/v624728917/4bbe0/DfRxLvb6qVA.jpg",80
"https://pp.userapi.com/c638129/v638129917/1b95a/gDf3d4h1tGw.jpg",21
"https://pp.userapi.com/c411517/v411517664/180/QEVX5vYsi1g.jpg",170
"https://pp.userapi.com/c614928/v614928664/38fa/qfKOLZ06CSA.jpg",362
"https://pp.userapi.com/c303707/v303707167/19b/j31tJD_Pqao.jpg",43
"https://pp.userapi.com/c303807/v303807167/193/xa6Lme1UVB4.jpg",46
"https://pp.userapi.com/c10568/v10568167/d0d/xggNn1cnqP0.jpg",35
"https://pp.userapi.com/c403022/v403022167/1e39/R3ZizoTZ4is.jpg",36
"https://pp.userapi.com/c305309/v305309167/2bd4/QoBk0fkepzg.jpg",25
"https://pp.userapi.com/c403023/v403023167/23bd/HqaSh0InHo4.jpg",28
"https://pp.userapi.com/c304713/v304713167/3722/BiA65M4BdWE.jpg",42
"https://pp.userapi.com/c405718/v405718167/c92/NP11H5KNCD0.jpg",51
"https://pp.userapi.com/c406718/v406718167/5087/pf9ubxm8rmI.jpg",45
"https://pp.userapi.com/c406119/v406119167/647d/HuEvtM9h_qE.jpg",47
"https://pp.userapi.com/c307609/v307609167/7316/EgPmo03Kg9Y.jpg",54
"https://pp.userapi.com/c416727/v416727167/8708/2fkDTnhc0MU.jpg",39
"https://pp.userapi.com/c315628/v315628813/7353/32ELR1aXy-4.jpg",45
"https://pp.userapi.com/c315430/v315430167/a7c2/8zC_F4hTDkY.jpg",70
"https://pp.userapi.com/c315430/v315430167/b4cc/5HMkbt1syUg.jpg",47
"https://pp.userapi.com/c315430/v315430167/bdab/fwc-TtbnpbQ.jpg",42
"https://pp.userapi.com/c409123/v409123167/b67f/UcNyg1d5q1c.jpg",65
"https://pp.userapi.com/c11002/v11002167/769/_rcCIpv4Po4.jpg",92
"https://pp.userapi.com/c301614/v301614167/11b5/AFn6nPcoYKg.jpg",68
"https://pp.userapi.com/c11111/v11111167/a58/hNXbujZ6V-w.jpg",76
"https://pp.userapi.com/c417625/v417625167/5cdb/B1-QREb9xsw.jpg",48
"https://pp.userapi.com/c408822/v408822167/56c6/cchVPRk4yI0.jpg",69
"https://pp.userapi.com/c320530/v320530167/8085/_U2mgL2Iln0.jpg",79
"https://pp.userapi.com/c315918/v315918167/3867/rjilsWOrzH4.jpg",63
"https://pp.userapi.com/c304406/v304406167/2557/nHK5N3g6YRI.jpg",143
"https://pp.userapi.com/c617921/v617921167/1d947/uwRC6yb3UFk.jpg",125
"https://pp.userapi.com/c405220/v405220167/444e/fWDTTcCfi2A.jpg",133
"https://pp.userapi.com/c605627/v605627167/8367/7macmC7C3Jw.jpg",98
"https://pp.userapi.com/c616227/v616227328/7ea3/TLggpg0kU10.jpg",72
"https://pp.userapi.com/c619625/v619625328/10e51/Lo8TY9YVEcQ.jpg",68
"https://pp.userapi.com/c622421/v622421328/4aed/eJofcpTmH48.jpg",102
"https://pp.userapi.com/c623328/v623328328/2dbe9/ScP2CA1iTDE.jpg",90
"https://pp.userapi.com/c630024/v630024328/edc4/UkOtF_GkGRc.jpg",84
"https://pp.userapi.com/c631524/v631524328/14699/Tp64Q0YTm2U.jpg",102
"https://pp.userapi.com/c626921/v626921328/30e50/ZKGqmU88vnU.jpg",133
"https://pp.userapi.com/c840027/v840027951/60715/XldD-uQNPnQ.jpg",37
"https://pp.userapi.com/c637817/v637817439/464b1/XHn-R7dLE1o.jpg",7
"https://pp.userapi.com/c846018/v846018140/18786/ZpJP8SlghN8.jpg",12
"https://pp.userapi.com/c606419/v606419700/1db3/hXO42EjCotc.jpg",106
"https://pp.userapi.com/c623225/v623225700/186db/z8omUtGQg5E.jpg",104
"https://pp.userapi.com/c625128/v625128700/3ee06/xKGMRRUxgLE.jpg",134
"https://pp.userapi.com/c630230/v630230700/41d0/lqGbNymGA9w.jpg",71
"https://pp.userapi.com/c633529/v633529700/24d5b/tgJEhCcqcPE.jpg",62
"https://pp.userapi.com/c628018/v628018700/4f184/CpyTjVZbs3k.jpg",74
"https://pp.userapi.com/c636928/v636928700/a647/zdZK8wSXox8.jpg",64
"https://pp.userapi.com/c633321/v633321700/3b81f/uu_8SJyk25w.jpg",101
"https://pp.userapi.com/c630524/v630524700/4d4b9/YL9_cdU5TR0.jpg",113
"https://pp.userapi.com/c636028/v636028700/3b80e/4kFkgECg1rc.jpg",103
"https://pp.userapi.com/c639322/v639322700/27dc3/WeTIoFrLsd8.jpg",62
"https://pp.userapi.com/c639830/v639830804/2efe9/kuyZTbQzG8Q.jpg",68
"https://pp.userapi.com/c322419/v322419039/5deb/eiFSLJV_9WA.jpg",95
"https://pp.userapi.com/c409827/v409827039/b358/E-tcLPcpI8I.jpg",74
"https://pp.userapi.com/c637328/v637328039/13027/cqkEOZu1eq0.jpg",32
"https://pp.userapi.com/c636426/v636426459/6bd17/LEUNB6PO0pk.jpg",73
"https://pp.userapi.com/c847123/v847123807/2949c/oXdgeqn4lOc.jpg",33
"https://pp.userapi.com/c841021/v841021739/4a59f/iWO4WDjrT8M.jpg",53
"https://sun1-7.userapi.com/c840534/v840534410/4a5b1/ZZxnR2v3ey0.jpg",61
"https://pp.userapi.com/c841226/v841226866/78bb7/uelpE8Ku6rQ.jpg",41
"https://pp.userapi.com/c847018/v847018883/19264/3zQrMw95XAc.jpg",52
"https://pp.userapi.com/c845321/v845321381/62b0f/3rg6t5bKPP8.jpg",28
"https://pp.userapi.com/c626126/v626126259/5bc87/hbCP_dspVho.jpg",47
"https://pp.userapi.com/c303701/v303701127/990/w07KiFOeXeY.jpg",54
"https://pp.userapi.com/c403322/v403322127/a89/VhfvCeWlTso.jpg",118
"https://pp.userapi.com/c311625/v311625127/1d5/9U1Nf35o4TE.jpg",124
"https://pp.userapi.com/c402930/v402930127/8fc8/XiShJiqRrXs.jpg",93
"https://pp.userapi.com/c622430/v622430127/3b94/3m43avxmnWc.jpg",9
"https://pp.userapi.com/c630224/v630224127/35f8b/TEtfGCQGpfM.jpg",376
"https://pp.userapi.com/c845020/v845020552/31e15/x_hMNs361iI.jpg",143
"https://pp.userapi.com/c319421/v319421547/52a/oAl-B2fSE50.jpg",5
"https://pp.userapi.com/c418226/v418226567/3c4/1heYA0eNtA4.jpg",8
"https://pp.userapi.com/c418517/v418517793/69a0/iIBiLtPI5o4.jpg",3
"https://pp.userapi.com/c615725/v615725291/e640/ALZgqJ86O3E.jpg",3
"https://pp.userapi.com/c631126/v631126291/33053/H8rnkAjfY2I.jpg",4
"https://pp.userapi.com/c631126/v631126291/33a61/rN3JER7rUeE.jpg",8
"https://pp.userapi.com/c604531/v604531793/2f94d/2M5rrCLSQhA.jpg",5
"https://sun1-2.userapi.com/c840637/v840637905/90c7/UhG9P9te-WE.jpg",2
"https://pp.userapi.com/c617222/v617222682/113d7/eTpK8hWpgtM.jpg",42
"https://pp.userapi.com/c837737/v837737682/140d1/xEBICRZmAlk.jpg",137
"https://pp.userapi.com/c317919/v317919478/38fa/NTmGT9WVfmo.jpg",38
"https://pp.userapi.com/c841525/v841525724/8e03/UrE3-QdWB9g.jpg",21
"https://pp.userapi.com/c306804/v306804254/2031/-OcjWOdW87o.jpg",100
"https://pp.userapi.com/c323626/v323626254/47b2/YsXWzDhVHKo.jpg",110
"https://pp.userapi.com/c407327/v407327254/6022/rBKhawnVMXM.jpg",112
"https://pp.userapi.com/c418831/v418831254/4767/BaOMgooQBK8.jpg",63
"https://pp.userapi.com/c417019/v417019254/565c/JpiZcx7DwZQ.jpg",80
"https://pp.userapi.com/c410222/v410222254/7b85/dd7OYfFc0Us.jpg",50
"https://pp.userapi.com/c406622/v406622254/78ed/ePI_nk49IDM.jpg",46
"https://pp.userapi.com/c405823/v405823254/a74d/zJdlpMuKoYk.jpg",44
"https://pp.userapi.com/c405823/v405823254/a7cd/JCjku9v-4Gs.jpg",63
"https://pp.userapi.com/c416625/v416625254/6b80/hfL67IUWJDg.jpg",70
"https://pp.userapi.com/c403329/v403329254/76a7/7Q-8U6O4VAc.jpg",34
"https://pp.userapi.com/c301404/v301404254/4cd2/gJuQJSJYbLg.jpg",77
"https://pp.userapi.com/c322331/v322331254/34c9/ufrsgbTxutE.jpg",79
"https://pp.userapi.com/c408121/v408121254/3639/mpM08-Jvv88.jpg",31
"https://pp.userapi.com/c303214/v303214254/6980/tIgiiRbykpU.jpg",73
"https://pp.userapi.com/c425931/v425931254/2def/0MjLIf8f9vs.jpg",94
"https://pp.userapi.com/c314118/v314118254/6c08/7cdVUSW-GXE.jpg",86
"https://pp.userapi.com/c322322/v322322254/67e2/70-lFFkb04o.jpg",44
"https://pp.userapi.com/c412925/v412925254/8947/4E1E6eNx-P8.jpg",95
"https://pp.userapi.com/c614831/v614831254/8cf9/yiJJIfOhxvk.jpg",150
"https://pp.userapi.com/c627320/v627320254/51adf/mp2ffMsgi10.jpg",42
"https://pp.userapi.com/c636530/v636530254/24681/4ak5zOxQAoM.jpg",242
"https://pp.userapi.com/c618516/v618516692/49c3/lR2Na3X8wjU.jpg",245
"https://pp.userapi.com/c629424/v629424692/13b9f/IrX77c5qaTY.jpg",163
"https://pp.userapi.com/c629403/v629403692/43095/KZOTxzYJpCI.jpg",248
"https://pp.userapi.com/c320716/v320716572/ba46/pe2rJQFbxcE.jpg",16
"https://pp.userapi.com/c840323/v840323944/18e16/NCL1nD9SKAI.jpg",36
"https://pp.userapi.com/c824502/v824502876/744a1/A0HPVuLmmSo.jpg",24
"https://pp.userapi.com/c846522/v846522968/53d05/tb3sBdcrk90.jpg",22
"https://pp.userapi.com/c627429/v627429380/c5b4/QdGpW767Ba0.jpg",96
"https://pp.userapi.com/c837331/v837331380/1f1d9/LVIzRRtBLYs.jpg",48
"https://pp.userapi.com/c625318/v625318380/43783/HcLyWTsfVMI.jpg",60
"https://pp.userapi.com/c639216/v639216380/1b97e/0DeSznrA-_c.jpg",49
"https://pp.userapi.com/c639217/v639217173/3fde0/fc3lIPFPBkw.jpg",68
"https://pp.userapi.com/c841626/v841626844/28ad4/1hhVSuhlSWA.jpg",19
"https://pp.userapi.com/c840334/v840334844/12bf3/wau7WgnwoKE.jpg",27
"https://sun1-3.userapi.com/c840622/v840622413/1e580/8lGNK3bZYWM.jpg",41
"https://sun1-4.userapi.com/c840529/v840529347/237b3/IkeA7NjlcLg.jpg",45
"https://pp.userapi.com/c846416/v846416211/43d9b/Va-rg0859sQ.jpg",70
"https://pp.userapi.com/c836527/v836527697/554cb/bGS8nU-rB-8.jpg",92
"https://pp.userapi.com/c834402/v834402290/1243e9/TE0myjPRauA.jpg",63
"https://pp.userapi.com/c412717/v412717382/5b42/RAVuhKNs5JE.jpg",105
"https://pp.userapi.com/c617925/v617925382/1daf/cV0B_ai6UJ8.jpg",62
"https://pp.userapi.com/c604624/v604624382/39b2f/11bTy4ZCbMU.jpg",31
"https://sun1-10.userapi.com/c824409/v824409032/1a7ff/7QBGSwJKV-o.jpg",34
"https://sun1-14.userapi.com/c840322/v840322866/58757/l5WSZZRhFvk.jpg",22
"https://pp.userapi.com/c845521/v845521260/26369/PuGYGy0sW20.jpg",9
"https://pp.userapi.com/c622128/v622128682/401a0/GTqbvuKyM48.jpg",267
"https://pp.userapi.com/c627229/v627229682/2fff4/FL9Uc8qfvBY.jpg",201
"https://pp.userapi.com/c638717/v638717682/129e/-mOSCjH9vEw.jpg",117
"https://pp.userapi.com/c637818/v637818682/35b5b/dkOLcnngU4E.jpg",139
"https://pp.userapi.com/c636324/v636324682/45783/FXeSDKoKtQ0.jpg",164
"https://pp.userapi.com/c837239/v837239693/6a549/29IbT55Ejt4.jpg",106
"https://pp.userapi.com/c841639/v841639646/5fae8/Kh3LnvkaqS4.jpg",92
"https://pp.userapi.com/c831409/v831409578/d8439/aS2_eIvD7cw.jpg",69
"https://pp.userapi.com/c614719/v614719531/cf86/wt3zJ8eJeUE.jpg",237
"https://pp.userapi.com/c619322/v619322531/13d62/vO5bFKk81E8.jpg",198
"https://pp.userapi.com/c617128/v617128531/1ee4a/RbSSomWJ2WQ.jpg",208
"https://pp.userapi.com/c621628/v621628531/9994/VpPYSjVsCkw.jpg",243
"https://pp.userapi.com/c622630/v622630531/36a47/UpIlS3diTXw.jpg",271
"https://pp.userapi.com/c629520/v629520531/4e11a/KGQ_KdID1K4.jpg",250
"https://pp.userapi.com/c836323/v836323531/cfbc/9EM0ZeBzYv4.jpg",155
"https://pp.userapi.com/c836324/v836324531/14c3a/fjFKJu0W7MU.jpg",188
"https://pp.userapi.com/c637618/v637618531/51092/7bz8YU8kvhA.jpg",124
"https://pp.userapi.com/c637817/v637817531/1f85/1lvrid_dhOE.jpg",241
"https://sun1-12.userapi.com/c840025/v840025674/4f81c/Gm9ma8uq9pQ.jpg",51
"https://pp.userapi.com/c841128/v841128739/34aa8/0KAS7a0tTTc.jpg",75
"https://pp.userapi.com/c628517/v628517442/41b02/noPMBSjZhFg.jpg",25
"https://pp.userapi.com/c631528/v631528442/3a782/HkAm4PkcvIA.jpg",26
"https://pp.userapi.com/c638828/v638828442/44663/F37oZkjtKR4.jpg",14
"https://pp.userapi.com/c622331/v622331679/2200c/1PzvZTb8pDw.jpg",161
"https://pp.userapi.com/c628720/v628720679/67f/m7XfSLwCPRM.jpg",80
"https://pp.userapi.com/c629115/v629115679/9be7/CfS50ruhhUU.jpg",112
"https://pp.userapi.com/c628327/v628327679/2bb84/ygymKbuTDa0.jpg",103
"https://pp.userapi.com/c629115/v629115679/b448/fe-ZAYpxoyI.jpg",133
"https://pp.userapi.com/c633329/v633329679/3ed1a/Fy5rVnZPVUQ.jpg",93
"https://pp.userapi.com/c631317/v631317679/46d59/8aUXIBzuk9Q.jpg",100
"https://pp.userapi.com/c637322/v637322679/4c716/yF1OoMimMVk.jpg",127
"https://pp.userapi.com/c834300/v834300332/15d2fc/9bvm7LmgkFU.jpg",91
"https://pp.userapi.com/c630529/v630529528/2aff0/XBz3bgplmRc.jpg",12
"https://pp.userapi.com/c638216/v638216528/2648/cLh9YnNyycc.jpg",4
"https://pp.userapi.com/c638927/v638927528/dccb/U7lQcsyfaBo.jpg",11
"https://pp.userapi.com/c639316/v639316923/2df73/qRJX3TW5aXg.jpg",4
"https://sun1-1.userapi.com/c840523/v840523262/350c4/415VMWWRF8w.jpg",0
"https://pp.userapi.com/c841329/v841329994/52655/vGYRj1A7iFU.jpg",7
"https://pp.userapi.com/c840236/v840236171/6ec2a/VVMEuTmNQHg.jpg",7
"https://pp.userapi.com/c831208/v831208772/df749/p_D9dQF2Vhw.jpg",5
"https://pp.userapi.com/c623220/v623220946/25e00/-y3dr8OcstA.jpg",9
"https://pp.userapi.com/c625730/v625730946/32ff2/NSQyItA1lGE.jpg",25
"https://pp.userapi.com/c322916/v322916946/5bb7/SnjuPQlcD7I.jpg",2
"https://pp.userapi.com/c627227/v627227946/360e5/8uqOjhe_Fpk.jpg",25
"https://pp.userapi.com/c636026/v636026946/16e43/eG2MkKl3JJA.jpg",37
"https://pp.userapi.com/c636925/v636925946/35131/66A8kpk4bjQ.jpg",35
"https://pp.userapi.com/c626228/v626228946/3e243/c-DHLAmusXk.jpg",14
"https://pp.userapi.com/c626427/v626427946/4fa60/CSSpOYmaJjg.jpg",1
"https://pp.userapi.com/c626427/v626427946/4fa70/JT5pI1pbnoA.jpg",36
"https://pp.userapi.com/c637922/v637922946/60cd7/wv5AfHQjkk4.jpg",8
"https://pp.userapi.com/c836525/v836525470/4fbe5/hMRFwkx5woc.jpg",19
"https://pp.userapi.com/c836626/v836626339/6b899/_pa2tQ_evDM.jpg",23
"https://pp.userapi.com/c621227/v621227946/21b3d/ksO7w8q6kf4.jpg",11
"https://pp.userapi.com/c840429/v840429708/5cc57/dxX7DmT8n_I.jpg",6
"https://pp.userapi.com/c622431/v622431536/a558/e3C4tRBF-8w.jpg",154
"https://pp.userapi.com/c618319/v618319536/17c42/nu73T23U428.jpg",192
"https://pp.userapi.com/c622218/v622218536/22333/sCPtrZ4uiG4.jpg",213
"https://pp.userapi.com/c637224/v637224536/254e9/NNDM7pZ92iM.jpg",133
"https://pp.userapi.com/c638621/v638621536/4283e/_D0amOut-2w.jpg",110
"https://pp.userapi.com/c824602/v824602061/1d0bf/Dk8K9Re0Aj0.jpg",183
"https://pp.userapi.com/c623827/v623827956/1bded/e3vmnTACdUo.jpg",58
"https://pp.userapi.com/c623827/v623827956/1be2e/lCGvOW-2GlU.jpg",14
"https://pp.userapi.com/c629126/v629126029/6420/XDWuZCI_LHQ.jpg",74
"https://pp.userapi.com/c637928/v637928576/5cf43/T21fezlqZ1Y.jpg",79
"https://pp.userapi.com/c604421/v604421956/23110/SBN9hJhfSF4.jpg",95
"https://pp.userapi.com/c624627/v624627618/2ebed/Eu4ut1pqh1I.jpg",23
"https://pp.userapi.com/c614623/v614623808/170dd/9gGslkgT7ns.jpg",137
"https://pp.userapi.com/c624919/v624919438/2dcd9/4FS8xPng-58.jpg",35
"https://pp.userapi.com/c604630/v604630438/3772/4zZ4s5fuc9s.jpg",34
"https://pp.userapi.com/c629413/v629413613/10c1c/qswm0w1OENs.jpg",47
"https://pp.userapi.com/c824500/v824500197/a9c20/uvTJQOYV55U.jpg",31
"https://pp.userapi.com/c824200/v824200648/e1794/JOrjxjWd524.jpg",41
"https://pp.userapi.com/c11498/v11498966/141/tJ4EF01dgYU.jpg",30
"https://pp.userapi.com/c322128/v322128966/1414/NxCTXaKsxd8.jpg",29
"https://pp.userapi.com/c314829/v314829966/6598/6rZEd02uFWY.jpg",35
"https://pp.userapi.com/c616730/v616730966/a66a/7bMZydyj_H4.jpg",31
"https://pp.userapi.com/c618521/v618521966/3a72/MNtwMOK4mD8.jpg",25
"https://pp.userapi.com/c616021/v616021966/12452/PyqcARrFYsY.jpg",27
"https://pp.userapi.com/c620530/v620530966/105a8/Pv7vfAGmCMM.jpg",28
"https://pp.userapi.com/c620131/v620131966/1bede/1o0f0dM5eTw.jpg",37
"https://pp.userapi.com/c625431/v625431966/ff55/nogfAbh-5z4.jpg",35
"https://pp.userapi.com/c622130/v622130966/41da1/_F2H4mkQrxw.jpg",75
"https://pp.userapi.com/c626731/v626731966/1db49/3N5OwH6RK6g.jpg",53
"https://pp.userapi.com/c626316/v626316966/338e7/hLrm2oqrYgU.jpg",54
"https://pp.userapi.com/c639329/v639329362/369c6/n_Y-bOtwqnI.jpg",41
"https://pp.userapi.com/c841335/v841335438/19af5/ZAc7-PCKW70.jpg",47
"https://pp.userapi.com/c312123/v312123501/8426/lc95PUYTnFw.jpg",110
"https://pp.userapi.com/c605128/v605128501/5301/FMK1JEyMtTE.jpg",204
"https://pp.userapi.com/c628316/v628316501/bedb/pYRiY7OwvAc.jpg",55
"https://pp.userapi.com/c622230/v622230501/40948/Ltp0J-OPa7I.jpg",89
"https://pp.userapi.com/c637323/v637323501/38e70/xyw6SY2s3A4.jpg",140
"https://pp.userapi.com/c845522/v845522195/71a76/m80JlH9PB8I.jpg",44
"https://pp.userapi.com/c619330/v619330021/24e3/DeZi0AXy4TY.jpg",192
"https://pp.userapi.com/c626929/v626929021/24923/e6bVa4JE37k.jpg",36
"https://pp.userapi.com/c836122/v836122021/19db7/FQ5UaDHpAo8.jpg",49
"https://pp.userapi.com/c836727/v836727058/5498c/oMaLZc8lWv8.jpg",25
"https://pp.userapi.com/c411125/v411125059/99ee/SzPqI6H1MDo.jpg",84
"https://pp.userapi.com/c425818/v425818059/8334/QZ9lEYuXSAY.jpg",64
"https://pp.userapi.com/c425819/v425819059/20754/az3SbxCA_QE.jpg",77
"https://pp.userapi.com/c617629/v617629059/93e6/ouYnN1z9olk.jpg",43
"https://pp.userapi.com/c618629/v618629059/106a0/1sS8ET5oOQE.jpg",56
"https://pp.userapi.com/c624921/v624921059/1ba70/CyifX6FXu2U.jpg",52
"https://pp.userapi.com/c623318/v623318059/26fc5/my0ns-N1Syw.jpg",61
"https://pp.userapi.com/c627619/v627619059/216b8/dzhu4viTbRA.jpg",54
"https://pp.userapi.com/c633130/v633130059/11140/BF9yarEAp9E.jpg",75
"https://pp.userapi.com/c837723/v837723059/11771/ql8Yb03Lyuw.jpg",31
"https://pp.userapi.com/c840224/v840224059/89f3/WhoE08Cp-rs.jpg",16
"https://pp.userapi.com/c840225/v840225221/201e0/82VAg5FZO5o.jpg",39
"https://pp.userapi.com/c824202/v824202373/67e54/Vwk5_H5IH5M.jpg",13
"https://pp.userapi.com/c830309/v830309527/3e961/C9e-hYyB8uk.jpg",19
"https://pp.userapi.com/c830108/v830108293/d97bd/N1nWE9QuMro.jpg",14
"https://pp.userapi.com/c307101/v307101009/6265/tjeZ3g7KaTM.jpg",17
"https://pp.userapi.com/c312730/v312730009/3cb2/1P9C-TelZ0s.jpg",29
"https://pp.userapi.com/c624821/v624821009/4087d/4au3VAWfiOQ.jpg",19
"https://pp.userapi.com/c836635/v836635009/22634/1AKOJoUDH3w.jpg",19
"https://pp.userapi.com/c836526/v836526835/54626/NFhX1Z9ZZeU.jpg",8
"https://pp.userapi.com/c837425/v837425054/4c7e3/r0knb6_y9Uk.jpg",16
"https://pp.userapi.com/c830608/v830608502/1200ec/vje0losq1ik.jpg",8
"https://pp.userapi.com/c413722/v413722193/3ce1/oe8pXn2OMkg.jpg",38
"https://pp.userapi.com/c616720/v616720856/1d9db/u8Zq8iiKAVM.jpg",61
"https://pp.userapi.com/c624427/v624427856/20121/4Rer_AU1aC8.jpg",34
"https://pp.userapi.com/c628531/v628531856/1605/oegBGBYtLhs.jpg",32
"https://pp.userapi.com/c625731/v625731856/3baf0/aMLHshZ490g.jpg",46
"https://pp.userapi.com/c411621/v411621335/7884/vMeO8lSyw78.jpg",26
"https://pp.userapi.com/c623625/v623625335/3e40f/ed5JXdwNtng.jpg",18
"https://pp.userapi.com/c604326/v604326335/56777/KX4lLxledC0.jpg",15
"https://pp.userapi.com/c626126/v626126335/69983/tU1K_TOWx04.jpg",6
"https://pp.userapi.com/c837127/v837127335/4c2b2/ubi90fUiYqc.jpg",17
"https://pp.userapi.com/c840221/v840221874/1eff3/C9zX-3VGSUU.jpg",17
"https://pp.userapi.com/c841229/v841229985/1fdc5/Va0ZjoV977c.jpg",14
"https://pp.userapi.com/c308924/v308924483/9e8/Tmvp7mFo9iI.jpg",53
"https://pp.userapi.com/c631531/v631531483/4d511/6p3o-DfH2zg.jpg",28
"https://pp.userapi.com/c637228/v637228483/a760/h8Ms0WZiNM4.jpg",35
"https://pp.userapi.com/c636627/v636627483/48ede/tBEAhScdNRs.jpg",45
"https://pp.userapi.com/c639530/v639530483/c63/xuubTULWFvQ.jpg",39
"https://pp.userapi.com/c626321/v626321483/54c8d/CMJnU9EO9uY.jpg",39
"https://pp.userapi.com/c836122/v836122483/78bd/vI5icW3855k.jpg",61
"https://pp.userapi.com/c834400/v834400554/8057f/B17b_N78vk0.jpg",4
"https://pp.userapi.com/c623225/v623225759/d183/RRU1qKnJfag.jpg",20
"https://pp.userapi.com/c621418/v621418759/24109/tjKJRbsVlR0.jpg",10
"https://pp.userapi.com/c627119/v627119759/18720/daBEtuvACZw.jpg",16
"https://pp.userapi.com/c628726/v628726759/1e3ec/2pmBN_8bCF4.jpg",11
"https://pp.userapi.com/c636624/v636624759/9f19/3wOLwP_EDl4.jpg",11
"https://pp.userapi.com/c630925/v630925759/3c313/fLugQmLvjnQ.jpg",16
"https://pp.userapi.com/c633527/v633527887/39e10/jhUXpGMqEcw.jpg",64
"https://pp.userapi.com/c636625/v636625887/7760/_ihttPVGXvs.jpg",84
"https://pp.userapi.com/c639816/v639816209/424ba/Jl5O7H9AlwU.jpg",39
"https://sun1-17.userapi.com/c840539/v840539352/a2ed/zAQ2zOqY67M.jpg",44
"https://pp.userapi.com/c830308/v830308028/90ce4/kYVXV4eJUmg.jpg",37
"https://pp.userapi.com/c845217/v845217371/8b8/a6Dj1ocUHXE.jpg",41
"https://pp.userapi.com/c841025/v841025183/89c07/vBuvb14TIuc.jpg",44
"https://pp.userapi.com/c405517/v405517010/7eb7/q5ShIwcMRMw.jpg",25
"https://pp.userapi.com/c425224/v425224010/29d7/B4KlkyR-l4M.jpg",118
"https://pp.userapi.com/c628227/v628227010/307af/qM8clLIDFMU.jpg",127
"https://pp.userapi.com/c824602/v824602763/b3aea/CONqd9kWyVs.jpg",69
"https://pp.userapi.com/c841134/v841134423/4eae7/9A8jqkFtL5w.jpg",14
"https://pp.userapi.com/c824202/v824202004/13eecd/xGylXZYcK8Y.jpg",6
"https://pp.userapi.com/c846217/v846217685/583f6/FDDznInaRp4.jpg",9
"https://pp.userapi.com/c310721/v310721891/6e10/MI2e1qlIgZc.jpg",20
"https://pp.userapi.com/c625726/v625726891/46cf7/DmFKbxfEC1k.jpg",71
"https://pp.userapi.com/c834103/v834103664/bff88/ACOwlXg0QXE.jpg",3
"https://pp.userapi.com/c308122/v308122882/126c/YQD_BkjgVUA.jpg",3
"https://pp.userapi.com/c418320/v418320920/366b/eur7SLyH4X4.jpg",7
"https://pp.userapi.com/c315323/v315323122/5077/wB8lrhOGw9A.jpg",11
"https://pp.userapi.com/c320627/v320627122/b3/4-MD1zf1Aes.jpg",21
"https://pp.userapi.com/c409729/v409729122/348b/TWoAAjRSTiI.jpg",14
"https://pp.userapi.com/c319325/v319325122/8e66/GdF2v4-p11Q.jpg",6
"https://pp.userapi.com/c319325/v319325122/8fba/nK0xQH3tjHA.jpg",14
"https://pp.userapi.com/c319325/v319325122/8d8c/hdTuuKy5uho.jpg",8
"https://pp.userapi.com/c617227/v617227122/1d80/e8Bqf-ivuM8.jpg",12
"https://pp.userapi.com/c614930/v614930122/b7/wyGEray_Ddc.jpg",69
"https://pp.userapi.com/c606317/v606317122/8a3f/Jbj7pvoxPp0.jpg",27
"https://pp.userapi.com/c614723/v614723122/10af7/pyF27x28mAU.jpg",72
"https://pp.userapi.com/c614723/v614723122/10f27/PJT-mtUkZAs.jpg",23
"https://pp.userapi.com/c614723/v614723122/11118/1YinLNQMl_I.jpg",23
"https://pp.userapi.com/c619420/v619420122/17767/JzZTEjflpB4.jpg",38
"https://pp.userapi.com/c412929/v412929122/787d/s-2Aa7MOidk.jpg",31
"https://pp.userapi.com/c628416/v628416122/d4f6/CJ3P0CnOG_c.jpg",130
"https://pp.userapi.com/c625723/v625723122/33a22/MRCpPdCStcM.jpg",139
"https://pp.userapi.com/c834404/v834404906/55a15/Lk732F2JsYs.jpg",46
"https://pp.userapi.com/c637221/v637221775/f1fa/lzrH3zxZBAk.jpg",13
"https://pp.userapi.com/c846523/v846523004/6f726/k2piLOayK7o.jpg",0
"https://pp.userapi.com/c620625/v620625676/7e99/-yvH7WLumi0.jpg",21
"https://pp.userapi.com/c841132/v841132461/527ea/-js2zMrZU6E.jpg",27
"https://pp.userapi.com/c616529/v616529805/8641/eyzgcsdC2YI.jpg",309
"https://pp.userapi.com/c628219/v628219805/de57/ymInkO_CKgI.jpg",282
"https://pp.userapi.com/c622727/v622727805/51e3d/9VDLnIfY-Ek.jpg",158
"https://pp.userapi.com/c633131/v633131805/344f6/F7X5beIi7jE.jpg",132
"https://pp.userapi.com/c626617/v626617805/19f1c/nidrmUdNAtY.jpg",130
"https://pp.userapi.com/c604422/v604422805/2bf4c/ro9tYyOaQvs.jpg",124
"https://pp.userapi.com/c637526/v637526805/11ab2/ccXyuRht2gQ.jpg",160
"https://pp.userapi.com/c837337/v837337805/17e52/DI9iWizMnuw.jpg",166
"https://pp.userapi.com/c837622/v837622805/170be/e7-rL-5xBZE.jpg",159
"https://pp.userapi.com/c837337/v837337805/43b74/mlyUJTVCkiY.jpg",92
"https://pp.userapi.com/c637926/v637926076/5b923/3qoQtzuV8Us.jpg",102
"https://pp.userapi.com/c841532/v841532488/276b6/a7seqK9uQpY.jpg",110
"https://pp.userapi.com/c639718/v639718506/558e8/-Lksx0gvfOM.jpg",96
"https://pp.userapi.com/c824700/v824700996/43629/cy5cz_FoIbE.jpg",106
"https://sun1-19.userapi.com/c840627/v840627351/3da5f/yWI4IWEJjBk.jpg",120
"https://sun1-5.userapi.com/c840735/v840735015/528f8/zBH53sH2t7c.jpg",83
"https://pp.userapi.com/c830709/v830709330/bae83/1rYQjhh_xC8.jpg",76
"https://pp.userapi.com/c621511/v621511947/769d4/rhhrYhmGXwk.jpg",87
"https://pp.userapi.com/c824201/v824201388/127e33/odnsBN2bl3E.jpg",72
"https://pp.userapi.com/c834200/v834200829/161905/yBkxY7tN9Fc.jpg",48
"https://pp.userapi.com/c841422/v841422274/3f6d7/6U97suMuYEE.jpg",31
"https://pp.userapi.com/c840334/v840334343/592d2/Jf34F0Wl_So.jpg",68
"https://pp.userapi.com/c626218/v626218203/15f2d/ROZKRF2Tvi8.jpg",143
"https://pp.userapi.com/c847020/v847020932/297f2/aDcMx5EnDOA.jpg",23
"https://pp.userapi.com/c619927/v619927544/171a2/4e11MpMAkDU.jpg",53
"https://pp.userapi.com/c629204/v629204940/35028/_-eVd6rydos.jpg",58
"https://pp.userapi.com/c837127/v837127940/41be/v7uHF47hZeU.jpg",73
"https://pp.userapi.com/c626227/v626227940/57f61/wBvPlrNBqZ0.jpg",72
"https://pp.userapi.com/c626124/v626124940/50a90/ikleinbbnSM.jpg",42
"https://pp.userapi.com/c637830/v637830498/6a7f4/uifmE98Mj8s.jpg",59
"https://pp.userapi.com/c841026/v841026249/250b8/ZCZOURZk_8M.jpg",52
"https://sun1-11.userapi.com/c840531/v840531807/6828a/DXxcM5eRMSs.jpg",63
"https://pp.userapi.com/c847220/v847220128/59559/1PaNBBYCVgI.jpg",50
"https://pp.userapi.com/c316930/v316930345/73f/Cnp_3PWlxoM.jpg",19
"https://pp.userapi.com/c315926/v315926345/180/PXf6zyxTTRg.jpg",13
"https://pp.userapi.com/c417830/v417830345/47a5/203p3m9qDvM.jpg",15
"https://pp.userapi.com/c322729/v322729345/2bb2/nStqN903UCQ.jpg",6
"https://pp.userapi.com/c322216/v322216345/2e7d/0ZvIEdj1VSk.jpg",28
"https://pp.userapi.com/c424817/v424817345/2bd2/37t3WGYeNcM.jpg",17
"https://pp.userapi.com/c617321/v617321345/432c/RLfpX8TcxL0.jpg",33
"https://pp.userapi.com/c622526/v622526345/44019/cS-169UArx8.jpg",31
"https://pp.userapi.com/c627831/v627831345/1e49a/7NQ61AhOEbw.jpg",33
"https://pp.userapi.com/c631430/v631430345/1fa62/QZDR6x_oIpw.jpg",30
"https://pp.userapi.com/c837538/v837538683/47dfe/YZZ3q5j_78Y.jpg",29
"https://pp.userapi.com/c830409/v830409086/39b84/-1HnWUesF74.jpg",28
"https://pp.userapi.com/c836329/v836329495/29c16/TWbq7STjeHs.jpg",67
"https://pp.userapi.com/c840228/v840228247/e87d/7sYyuAH89k8.jpg",70
"https://pp.userapi.com/c402620/v402620525/40ad/-rNTphO_zO4.jpg",51
"https://pp.userapi.com/c316131/v316131525/595e/91I2lPCCwbQ.jpg",106
"https://pp.userapi.com/c605828/v605828525/c43/oiZP78EKiys.jpg",124
"https://pp.userapi.com/c314218/v314218525/456/YfInyq-B-cw.jpg",99
"https://pp.userapi.com/c836639/v836639525/8937a/yRrODOenBIc.jpg",123
"https://pp.userapi.com/c840430/v840430336/262fd/kJrQvfWbFJU.jpg",135
"https://pp.userapi.com/c633330/v633330496/316b1/WwUC0VMAf5w.jpg",111
"https://pp.userapi.com/c323826/v323826193/45a8/ijc9NLraIg4.jpg",40
"https://pp.userapi.com/c418220/v418220531/49fa/ukoAR4aOcUk.jpg",43
"https://pp.userapi.com/c605526/v605526213/3c2b/6aBkg-pYrFo.jpg",41
"https://pp.userapi.com/c403718/v403718213/5863/_IVhI1uwH7c.jpg",91
"https://pp.userapi.com/c418720/v418720213/5f7e/jQw38JT1xio.jpg",82
"https://pp.userapi.com/c322926/v322926075/41ba/ONEE_7GSULo.jpg",22
"https://pp.userapi.com/c608624/v608624213/ca04/NuepLYUzYYQ.jpg",76
"https://pp.userapi.com/c639619/v639619432/4d10f/7aAZA20opb4.jpg",63
"https://pp.userapi.com/c837220/v837220359/563e6/YdkyvvwgQww.jpg",50
"https://pp.userapi.com/c840223/v840223297/39840/UCynN1DNdeE.jpg",64
"https://pp.userapi.com/c824501/v824501302/2283a/Fnm2zrQTCDU.jpg",75
"https://sun1-1.userapi.com/c840735/v840735864/4879f/nIE8xQYtgGg.jpg",58
"https://pp.userapi.com/c845021/v845021442/1a851/Wl_JPNIzbmc.jpg",41
"https://pp.userapi.com/c834401/v834401763/139666/OmNdg18gASg.jpg",23
"https://pp.userapi.com/c845219/v845219429/57539/nuFJH7RpHXU.jpg",29
"https://pp.userapi.com/c425617/v425617463/298f/K45x_mWVXa0.jpg",46
"https://pp.userapi.com/c616030/v616030463/bc20/tlK8DPoanT8.jpg",32
"https://pp.userapi.com/c623316/v623316463/6ee6/Qsl_E4mVqwI.jpg",56
"https://pp.userapi.com/c840024/v840024029/52f4f/NxKcqXTMcYs.jpg",13
"https://pp.userapi.com/c304913/v304913147/6d10/4vCLDmIxl1A.jpg",141
"https://pp.userapi.com/c626416/v626416147/270ef/Pd5RMdz5J4A.jpg",157
"https://pp.userapi.com/c836725/v836725147/3c100/rUMCdjQLjSI.jpg",85
"https://pp.userapi.com/c846216/v846216148/2e644/wAmrU_orW_M.jpg",75
"https://pp.userapi.com/c623725/v623725208/4943f/AMNxVtiCzgo.jpg",55
"https://pp.userapi.com/c633730/v633730208/72fb/JTFiLFCmDXA.jpg",76
"https://pp.userapi.com/c633816/v633816208/405ff/D77clBWM7eE.jpg",24
"https://pp.userapi.com/c636427/v636427208/1c540/lqTe2o1rcAE.jpg",76
"https://pp.userapi.com/c836420/v836420208/2e560/wC4F5L2quic.jpg",52
"https://pp.userapi.com/c638228/v638228487/6bb5a/qnMHsEYC6N4.jpg",51
"https://pp.userapi.com/c841537/v841537077/7d239/v1NH_GuDEmM.jpg",39
"https://pp.userapi.com/c824501/v824501031/144f01/jSQTlGkYM3A.jpg",31
"https://pp.userapi.com/c406728/v406728920/1f0a/hoEbO6eGfew.jpg",131
"https://pp.userapi.com/c411122/v411122188/5f7e/mhE5xEajRbc.jpg",99
"https://pp.userapi.com/c419522/v419522519/3b4a/Tdn4Pwwy8y8.jpg",113
"https://pp.userapi.com/c306902/v306902822/6c55/N_owx2BinPw.jpg",15
"https://pp.userapi.com/c413821/v413821726/1406/kLFQj7MiY4k.jpg",89
"https://pp.userapi.com/c413821/v413821726/1659/NaSJ65Eb0p0.jpg",114
"https://pp.userapi.com/c406123/v406123519/8887/3iQR7Pz12HI.jpg",152
"https://pp.userapi.com/c316817/v316817519/a33f/sNbobZ-zQWg.jpg",191
"https://pp.userapi.com/c317129/v317129519/6d01/cP-Ssj2NFPY.jpg",108
"https://pp.userapi.com/c317129/v317129519/6d11/oOYcx20u_7o.jpg",119
"https://pp.userapi.com/c312518/v312518519/5cf7/4-ulrXgBAaY.jpg",127
"https://pp.userapi.com/c425630/v425630519/647d/8_BqrbOzAgc.jpg",77
"https://pp.userapi.com/c312628/v312628519/71c0/Uq2ox0p3NR8.jpg",87
"https://pp.userapi.com/c11245/v11245525/8e8/hf4tIdbmvH4.jpg",12
"https://pp.userapi.com/c301712/v301712525/145a/HQ_pWGDs1yE.jpg",13
"https://pp.userapi.com/c301712/v301712525/1450/sDd6LC1ondc.jpg",16
"https://pp.userapi.com/c403225/v403225525/f0f/6Z9DVv-tAYc.jpg",28
"https://pp.userapi.com/c403225/v403225525/f19/wgVqywtro04.jpg",29
"https://pp.userapi.com/c407620/v407620525/8907/z0cKTaap5fM.jpg",43
"https://pp.userapi.com/c407620/v407620525/92e1/NzLkMZPOVKI.jpg",16
"https://pp.userapi.com/c406125/v406125525/c7a7/m0kI16UE2VE.jpg",35
"https://pp.userapi.com/c312421/v312421525/2b7/YX59aTHBv64.jpg",28
"https://pp.userapi.com/c310231/v310231525/34c/CWdHatzJLm0.jpg",34
"https://pp.userapi.com/c310231/v310231525/362/NydSwLEQts4.jpg",38
"https://pp.userapi.com/c312621/v312621525/2213/ACArIdjANg4.jpg",41
"https://pp.userapi.com/c312621/v312621525/2222/i0GGwOfvFsI.jpg",22
"https://pp.userapi.com/c9479/v9479525/1450/LnpezRuOjMM.jpg",67
"https://pp.userapi.com/c620521/v620521525/13c38/0r8QJbqTGpk.jpg",42
"https://pp.userapi.com/c622119/v622119525/236ec/r-gDVe2TJKU.jpg",48
"https://pp.userapi.com/c628822/v628822525/212/6eFx7FQrlUM.jpg",68
"https://pp.userapi.com/c628824/v628824525/f71/xvtfuxzU3-E.jpg",55
"https://pp.userapi.com/c628824/v628824525/141a/xWpbjpHCcSs.jpg",75
"https://pp.userapi.com/c624025/v624025525/426c9/xYNp98ues8Q.jpg",64
"https://pp.userapi.com/c631117/v631117525/1ad98/Q_p8mI5We7o.jpg",96
"https://pp.userapi.com/c633817/v633817525/38b80/VyYkjTknSxU.jpg",84
"https://pp.userapi.com/c621931/v621931525/345bf/w0lnG908pFg.jpg",120
"https://pp.userapi.com/c636823/v636823525/2402f/Z8rWMKtweyM.jpg",135
"https://pp.userapi.com/c840237/v840237640/4c080/LBReVKpYaK4.jpg",76
"https://pp.userapi.com/c304207/v304207073/197/r9TE3FeK7BU.jpg",11
"https://pp.userapi.com/c304207/v304207073/1a1/2rRgJX31wbU.jpg",10
"https://pp.userapi.com/c304207/v304207073/1b5/dvm9QtTtEPo.jpg",12
"https://pp.userapi.com/c304207/v304207073/1bf/e9lfFveQLWY.jpg",15
"https://pp.userapi.com/c304207/v304207073/1ab/f5YET5wJRms.jpg",15
"https://pp.userapi.com/c11481/v11481639/a80/C5-hsSe3D0w.jpg",27
"https://pp.userapi.com/c419231/v419231073/2c39/4WLei2vzjuk.jpg",42
"https://pp.userapi.com/c836720/v836720243/3d360/oTIpXT8I13A.jpg",29
"https://pp.userapi.com/c620920/v620920965/1cd3f/zUPgIO5CbNE.jpg",119
"https://pp.userapi.com/c636228/v636228965/c071/zjIKROINn3U.jpg",45
"https://pp.userapi.com/c637428/v637428965/53fb/NkSoM69i9zA.jpg",70
"https://pp.userapi.com/c604630/v604630965/3dceb/C6YsRfxOh7c.jpg",40
"https://pp.userapi.com/c637829/v637829220/590af/lYfRz_H7mtI.jpg",28
"https://pp.userapi.com/c834204/v834204952/149f3f/h3ATVstmm6E.jpg",12
"https://pp.userapi.com/c629318/v629318609/34e3a/rlHPE9Td_Pg.jpg",65
"https://pp.userapi.com/c636318/v636318609/19ad/_8p7PqM8gdk.jpg",98
"https://pp.userapi.com/c837431/v837431609/2cc6/wzUvC7c_ESY.jpg",89
"https://pp.userapi.com/c636826/v636826609/4f0e0/cpzfMEPERe0.jpg",70
"https://pp.userapi.com/c840234/v840234609/ecc0/Pg4i3-2v0MU.jpg",39
"https://pp.userapi.com/c836627/v836627533/635c5/TiiSAJ5jrB4.jpg",47
"https://sun1-4.userapi.com/c840522/v840522580/2a5ad/XIPK9oGq1aI.jpg",34
"https://pp.userapi.com/c624830/v624830727/19dd/bdwhh8giCeU.jpg",41
"https://pp.userapi.com/c625628/v625628727/1bd2c/XJzysfCoG7Y.jpg",40
"https://pp.userapi.com/c605520/v605520800/579b/_unUlBmeZ_o.jpg",27
"https://pp.userapi.com/c613418/v613418800/bd0a/69afbUtJBkg.jpg",34
"https://pp.userapi.com/c619225/v619225800/ff8c/tJob5a0xQ_Q.jpg",20
"https://pp.userapi.com/c616529/v616529800/1bea0/UZQYobOlEeY.jpg",25
"https://pp.userapi.com/c619926/v619926800/17bb5/DULABTwuf90.jpg",23
"https://pp.userapi.com/c624320/v624320800/3995/Fc0lgTCOV_g.jpg",35
"https://pp.userapi.com/c625329/v625329800/2fef0/4sz12Ix1lLY.jpg",18
"https://pp.userapi.com/c622031/v622031800/3496b/E1iWY9lvA-0.jpg",34
"https://pp.userapi.com/c622031/v622031800/3947b/cQnSwOTDZv0.jpg",43
"https://pp.userapi.com/c624828/v624828800/43d55/z9zcxLmwldU.jpg",19
"https://pp.userapi.com/c622725/v622725800/4648d/qn6NxcVBBBg.jpg",21
"https://pp.userapi.com/c624720/v624720800/459bb/2kK7Ph-ix3I.jpg",33
"https://pp.userapi.com/c629214/v629214800/270ec/q_RK3KQRwhs.jpg",15
"https://pp.userapi.com/c633121/v633121800/113d9/64Rhpe8BfeU.jpg",24
"https://pp.userapi.com/c630924/v630924800/2995f/G3kpWvmHLsA.jpg",34
"https://pp.userapi.com/c626319/v626319800/223ae/CJTslAo6b3M.jpg",28
"https://pp.userapi.com/c630518/v630518800/505db/IcHQc_K9B5M.jpg",9
"https://pp.userapi.com/c630518/v630518800/505f9/sAxWCl_abf4.jpg",27
"https://pp.userapi.com/c626331/v626331800/3c0da/xULX9IQKUHo.jpg",23
"https://pp.userapi.com/c626331/v626331800/3e05c/I2fP_OCJ6IU.jpg",50
"https://pp.userapi.com/c604828/v604828800/20e86/XISqd8ytMTM.jpg",59
"https://pp.userapi.com/c841331/v841331876/313c9/gzOMLfqOYoE.jpg",23
"https://pp.userapi.com/c841333/v841333549/54b02/F6DCANfAUiQ.jpg",13
"https://pp.userapi.com/c840028/v840028641/88065/aiYTGuaLBQg.jpg",10
"https://pp.userapi.com/c840237/v840237933/38c7a/7gCFd8PCS6M.jpg",28
"https://pp.userapi.com/c323116/v323116252/90cf/Tz169jvliUY.jpg",24
"https://pp.userapi.com/397hUIGB7YSO_cgi9nTuvO_r10gmSb4l-itvAA/FTQNJrELLRU.jpg",29
"https://pp.userapi.com/c320323/v320323252/790c/aA2HzqA_9OM.jpg",14
"https://pp.userapi.com/c413531/v413531252/4321/s0WTBYVFWHI.jpg",21
"https://pp.userapi.com/c616329/v616329252/d71a/grFWw49TIs4.jpg",10
"https://pp.userapi.com/c616329/v616329252/e097/DWugdP1C3X8.jpg",12
"https://pp.userapi.com/c616920/v616920252/1e317/yhdadWL8Gbc.jpg",12
"https://pp.userapi.com/c623830/v623830252/7e77/qmerS7q04bg.jpg",48
"https://pp.userapi.com/c606830/v606830252/6fa7/LgzKO9afQ1A.jpg",38
"https://pp.userapi.com/c633723/v633723252/19a4d/yfgyQxHuywQ.jpg",38
"https://pp.userapi.com/c633723/v633723252/19cc5/zxBLKC9zDy0.jpg",58
"https://pp.userapi.com/c631116/v631116252/39b09/X06eu8EF2ZE.jpg",31
"https://pp.userapi.com/c631117/v631117252/3a37d/1BlrhsUFnHA.jpg",44
"https://pp.userapi.com/c626624/v626624252/307fc/znwzMWpxtVo.jpg",49
"https://pp.userapi.com/c841027/v841027401/1f611/bOX2yeJrkZg.jpg",16
"https://pp.userapi.com/c628229/v628229080/38530/zSUAtYKVrgU.jpg",21
"https://pp.userapi.com/c626326/v626326962/202d8/sBqujRi9hoU.jpg",20
"https://pp.userapi.com/c837533/v837533539/5e325/U1NaR4NQ0jA.jpg",4
"https://pp.userapi.com/c629412/v629412020/319ce/gQFfLWmdecM.jpg",11
"https://pp.userapi.com/c629415/v629415020/297ee/TmHjxAt0KLQ.jpg",10
"https://pp.userapi.com/c627618/v627618020/4423c/rfOFspdRmuo.jpg",13
"https://pp.userapi.com/c837326/v837326020/7c97/PgHlAT46fdk.jpg",53
"https://pp.userapi.com/c837326/v837326020/20724/WIWqVtmzUqc.jpg",48
"https://pp.userapi.com/c639916/v639916502/2c367/AA41k9910lI.jpg",41
"https://pp.userapi.com/c627629/v627629029/2a323/Que9Zhptup4.jpg",63
"https://pp.userapi.com/c626217/v626217029/c4fd/o4ie2F8KtAA.jpg",90
"https://pp.userapi.com/c840127/v840127005/58c9e/XQL49bKxLCY.jpg",68
"https://pp.userapi.com/c402329/v402329008/6cb9/_E6DfMpWJbU.jpg",16
"https://pp.userapi.com/c313930/v313930008/1b06/4XLeUdXlceo.jpg",30
"https://pp.userapi.com/c313930/v313930008/1e72/bVmVLgLeWzg.jpg",24
"https://pp.userapi.com/c606016/v606016008/51b3/ucEJuKfnv6o.jpg",15
"https://pp.userapi.com/c619623/v619623008/16cd6/P479B7c9ZFQ.jpg",19
"https://pp.userapi.com/c620325/v620325008/151d6/vlIX-yeU3TM.jpg",37
"https://pp.userapi.com/c630226/v630226008/37b43/Ttrk6hwNsms.jpg",12
"https://pp.userapi.com/c626925/v626925008/1fda2/waJL6QWSOQ8.jpg",65
"https://pp.userapi.com/c639921/v639921008/15565/ZE4Vd8nyZKU.jpg",48
"https://pp.userapi.com/c636231/v636231850/56b40/sKiLW0UVmlg.jpg",5
"https://pp.userapi.com/c631624/v631624893/4687a/8hCg6tZab6A.jpg",12
"https://pp.userapi.com/c636625/v636625542/6158b/t5yDKx-1094.jpg",64
"https://pp.userapi.com/c834101/v834101266/15f4a/WqxoI4w-8co.jpg",30
"https://pp.userapi.com/c624131/v624131408/4c725/-CadeliYzKE.jpg",27
"https://pp.userapi.com/c629409/v629409408/1f74f/TGjML87OYyE.jpg",33
"https://pp.userapi.com/c836539/v836539408/6f3e/eApU_lWNsWg.jpg",23
"https://pp.userapi.com/c841426/v841426408/42ff/Kw5Dz2dHoJs.jpg",24
"https://pp.userapi.com/c841433/v841433364/611ef/pMNesUwU_kE.jpg",19
"https://pp.userapi.com/c845217/v845217314/58685/pRF0Df-hoho.jpg",11
"https://pp.userapi.com/c636830/v636830853/573d3/Z862F3NRO-o.jpg",45
"https://pp.userapi.com/c639625/v639625853/32583/YvhyHIpjgqA.jpg",36
"https://pp.userapi.com/c831208/v831208527/ce48f/HCkQqE3wQfQ.jpg",55
"https://pp.userapi.com/c626117/v626117711/247f7/jeB5oBmtk9A.jpg",24
"https://pp.userapi.com/c305814/v305814033/5754/tWxvwVdO1Aw.jpg",88
"https://pp.userapi.com/c629422/v629422033/f0a4/MoAHuw1gRn8.jpg",83
"https://pp.userapi.com/c628728/v628728033/14f66/ypKgTDa4tAI.jpg",70
"https://pp.userapi.com/c624730/v624730033/299cb/HOCmlPeUlpU.jpg",113
"https://pp.userapi.com/c627731/v627731033/677a/DfmLWa8Tc6c.jpg",104
"https://pp.userapi.com/c630116/v630116033/25c09/xUgWPt4fLbk.jpg",80
"https://pp.userapi.com/c636431/v636431033/102cd/cf37rg-hP0U.jpg",54
"https://pp.userapi.com/c636329/v636329033/15402/qFhU-n-ZF0k.jpg",80
"https://pp.userapi.com/c636128/v636128033/1a84c/u08V5BbNRwg.jpg",57
"https://pp.userapi.com/c636329/v636329033/15b2c/rh4xEzUu79Y.jpg",76
"https://pp.userapi.com/c636421/v636421033/1ad56/P6pYqhHfV-k.jpg",22
"https://pp.userapi.com/c633223/v633223033/464a6/JTJVZgATULE.jpg",66
"https://pp.userapi.com/c629519/v629519033/5ba5a/9A1NnPMJppE.jpg",129
"https://pp.userapi.com/c631228/v631228033/2129d/bfuZe_eWjkQ.jpg",75
"https://pp.userapi.com/c630621/v630621033/41831/WCKhRCeGScM.jpg",89
"https://pp.userapi.com/c637626/v637626033/afa1/zlhr0k88Fnw.jpg",67
"https://pp.userapi.com/c626230/v626230033/1e1f0/ti6Bij3IvTM.jpg",131
"https://pp.userapi.com/c604731/v604731033/104b/v8NUvNYTlm8.jpg",162
"https://pp.userapi.com/c629422/v629422033/ecb1/bvq6lLVxl0c.jpg",132
"https://pp.userapi.com/c636319/v636319033/2c447/xBz6l-2MNVI.jpg",84
"https://pp.userapi.com/c631326/v631326033/50aa4/Ad0B2njH6i4.jpg",128
"https://pp.userapi.com/c604628/v604628033/4688f/CH4KoOA8uyY.jpg",92
"https://pp.userapi.com/c837328/v837328292/509c4/wF0M984PYrw.jpg",134
"https://pp.userapi.com/c639422/v639422297/685a7/zDadhJnqzuI.jpg",98
"https://pp.userapi.com/c841524/v841524006/37bc6/6fd-dv1KBEc.jpg",130
"https://pp.userapi.com/c846522/v846522864/e2a9/qesnRFavl0A.jpg",94
"https://pp.userapi.com/c617818/v617818699/67cc/nlXTmhFCsl4.jpg",36
"https://pp.userapi.com/c616328/v616328699/10579/UrHVCAisXUE.jpg",40
"https://pp.userapi.com/c613528/v613528372/1708b/3viD3WOOgtg.jpg",105
"https://pp.userapi.com/c616130/v616130628/1e827/qn0c_RpLrWs.jpg",34
"https://pp.userapi.com/c408122/v408122550/4303/viZPG6vuK2o.jpg",69
"https://pp.userapi.com/c614829/v614829462/1cf42/0dD1Dz6rmck.jpg",29
"https://pp.userapi.com/c622518/v622518699/ca2/2hMpAno4PkI.jpg",51
"https://pp.userapi.com/c614829/v614829462/1cf2e/xuqztaJPWGQ.jpg",57
"https://pp.userapi.com/c618927/v618927980/f739/0vkA2vqbnOk.jpg",82
"https://pp.userapi.com/c628030/v628030416/b9a5/2ohsRtK9bwE.jpg",66
"https://pp.userapi.com/c616617/v616617550/13772/JBKFXUgbCuk.jpg",17
"https://pp.userapi.com/c402426/v402426511/7e7c/cn4WUtPHKdA.jpg",27
"https://pp.userapi.com/c841338/v841338723/5e78f/ov_xi7cipPc.jpg",35
"https://pp.userapi.com/c830608/v830608263/116040/ZpEY7AcNkZA.jpg",13
"https://pp.userapi.com/c616317/v616317571/13373/1EgsC3g347o.jpg",126
"https://pp.userapi.com/c418619/v418619171/6de9/OBOsQE859Bs.jpg",43
"https://pp.userapi.com/c418619/v418619171/6df9/prjbtcnDee8.jpg",39
"https://pp.userapi.com/c605921/v605921171/330/0ovGPfaqxbE.jpg",81
"https://pp.userapi.com/c608330/v608330570/27df/sszrPK7uYTU.jpg",57
"https://pp.userapi.com/c617930/v617930570/f44d/Up0DqO3AHyI.jpg",67
"https://pp.userapi.com/c625422/v625422171/2d482/k7iAdFGrp6E.jpg",165
"https://pp.userapi.com/c626424/v626424171/d51a/v4LS2LvnfWY.jpg",428
"https://pp.userapi.com/c836139/v836139780/2905b/H2fkxBn_hD0.jpg",5
"https://pp.userapi.com/c622427/v622427691/7c8e/dt_z9UJJXvQ.jpg",11
"https://pp.userapi.com/c621719/v621719691/237f6/4sXzdiFuNG8.jpg",13
"https://pp.userapi.com/c623631/v623631691/3e767/Eg82UaSVEUs.jpg",16
"https://pp.userapi.com/c622922/v622922691/476db/KMto52YT8cU.jpg",25
"https://pp.userapi.com/c837235/v837235724/48f70/bMTbLudBtcs.jpg",20
"https://pp.userapi.com/c626124/v626124170/1ecde/mYHyoM7YDHw.jpg",213
"https://pp.userapi.com/c626217/v626217170/64ecb/0-moevYzgJc.jpg",151
"https://pp.userapi.com/c841430/v841430659/cc51/86WzUmHXfWE.jpg",177
"https://pp.userapi.com/c841228/v841228370/4dab0/Y8gNZxZdzUw.jpg",155
"https://pp.userapi.com/c841235/v841235711/69891/SXFJClmpD-w.jpg",121
"https://pp.userapi.com/c840335/v840335059/76875/ERRLaG-fUt8.jpg",95
"https://pp.userapi.com/c630828/v630828237/46e82/rTSjhopzcew.jpg",47
"https://pp.userapi.com/c840233/v840233746/2361c/o0awb_4NN38.jpg",33
"https://pp.userapi.com/c618917/v618917943/b939/VTGbQOKF4Yc.jpg",3
"https://pp.userapi.com/c614818/v614818896/12311/_vD447HrarM.jpg",0
"https://pp.userapi.com/c617820/v617820943/1d028/1Cc7YwtZz9w.jpg",4
"https://pp.userapi.com/c618628/v618628943/16e25/INhJusfMdNM.jpg",1
"https://pp.userapi.com/c623921/v623921960/2af75/7P0B2R1mTjg.jpg",1
"https://pp.userapi.com/c624018/v624018943/4d106/_s62u-Pk-sA.jpg",2
"https://pp.userapi.com/c623919/v623919943/541cc/IUCr3NjcXaM.jpg",16
"https://pp.userapi.com/c629421/v629421943/4dae3/79bhqFXxgxU.jpg",16
"https://pp.userapi.com/c630519/v630519943/31f0c/wVphpj5nMFo.jpg",10
"https://pp.userapi.com/c626621/v626621943/268e6/9xdmi6oN328.jpg",5
"https://pp.userapi.com/c621918/v621918603/1f3b0/GoyjNo2a7gw.jpg",38
"https://pp.userapi.com/c625117/v625117912/20114/Wis9vjcJsqU.jpg",0
"https://pp.userapi.com/c625117/v625117912/20147/nFe_k96xhZg.jpg",2
"https://pp.userapi.com/c636722/v636722399/44846/iMiHEnnoHAY.jpg",42
"https://pp.userapi.com/c629407/v629407603/2ccb4/Vm8wU1dMxUg.jpg",47
"https://pp.userapi.com/c636922/v636922459/5fea0/CYU8QmOdhZY.jpg",68
"https://pp.userapi.com/c847020/v847020949/7a30e/9MJvCCZu1IU.jpg",12
"https://pp.userapi.com/c638222/v638222794/1b34f/z5rroZgLQww.jpg",22
"https://pp.userapi.com/c636421/v636421794/4c499/IB6uQ_qAjJ0.jpg",14
